{"cameraMode":{"drawMode":0,"name":"Shaded","section":"Shading Mode"},"sceneLighting":true,"audioPlay":false,"sceneViewState":{"showFog":true,"showMaterialUpdate":false,"showSkybox":true,"showFlares":true,"showImageEffects":true,"showParticleSystems":true},"in2DMode":false,"pivot":{"x":46.35300064086914,"y":4.28000020980835,"z":-19.100000381469728},"rotation":{"x":0.48311716318130495,"y":0.5163931250572205,"z":-0.5154725909233093,"w":0.48396703600883486},"size":144.79559326171876,"orthographic":false}